,researcher,researcher_id,last_update,graduation,institution_id
0,Luiz Carlos Santos,431d5c68-40a7-4da0-9ec2-e6a26e2a8a83,12/04/2024,Doutorado,083a16f0-cccf-47d2-a676-d10b8931f66b
1,Carlos Roberto Venâncio de Carvalho,283ba906-06b1-44a2-b57b-15a6658a7b1e,10/06/2019,Doutorado,083a16f0-cccf-47d2-a676-d10b8931f66b
2,Maria Lucia Machado Duarte,6f3b1f0e-21eb-46a0-a60f-910717cacf8e,16/04/2024,Doutorado,
3,Claysson Bruno Santos Vimieiro,447e7514-2bf3-4f52-818e-e4890c56a2b0,28/03/2024,Pós-Doutorado,
4,Rodrigo Rodrigues Bastos,10bb25cb-bfe1-4192-b848-39907820c13b,21/03/2024,Mestrado,
5,Paula Bamberg,82dc9e10-1535-4060-958c-117ded5121fe,21/06/2022,Doutorado,083a16f0-cccf-47d2-a676-d10b8931f66b
6,Jose Guilherme Coelho Baeta,eab867ae-cae9-4cd2-8346-77fdf85ebad2,07/06/2024,Doutorado,083a16f0-cccf-47d2-a676-d10b8931f66b
7,Cicero Murta Diniz Starling,616cc4bb-b55c-41e6-8442-1cdd9e409504,23/05/2022,Doutorado,083a16f0-cccf-47d2-a676-d10b8931f66b
8,Manuel Noel Paul Georges Houmard,b68fdb97-6319-4113-bca9-a1d2f5abfeea,25/03/2024,Pós-Doutorado,
9,Cláudio Leite de Souza,9f52ddc1-ab1b-4eee-9cca-f1c8c215d6c2,28/03/2024,Doutorado,083a16f0-cccf-47d2-a676-d10b8931f66b
10,Fabricio Jose Pacheco Pujatti,410f8e84-8473-4e09-bef7-0b089bbcddde,01/05/2024,Doutorado,
11,Dimas Alberto Gazolla Palhares,22250a94-b2f4-406e-8dd9-b0c7e45c3254,04/06/2024,Mestrado,083a16f0-cccf-47d2-a676-d10b8931f66b
12,Max de Castro Magalhaes,4f28e50e-4612-4b34-b963-a52d1981914b,23/02/2024,Pós-Doutorado,
13,Luiz Rafael Palmier,0867e3fe-b30e-4972-8040-00b81bf8f382,26/05/2023,Pós-Doutorado,
14,Dalton Martini Colombo,0038d89e-ff90-4c2d-810b-822c458a8d90,31/05/2024,Doutorado,
15,Eduardo Coutinho de Paula,dc9d635b-4277-4211-a083-05d23f59a5cd,25/06/2024,Doutorado,
16,Vicente Tadeu Lopes Buono,0e3f04a5-fc50-4310-becf-5684e5928096,27/04/2024,Doutorado,083a16f0-cccf-47d2-a676-d10b8931f66b
17,Raoni Barros Bagno,e99377f9-d3ce-4a13-9320-2ebc4fc4d6d9,07/05/2024,Pós-Doutorado,083a16f0-cccf-47d2-a676-d10b8931f66b
18,Gilberto Rodrigues da Silva,852589dd-a64e-4339-bafe-1212677226a8,25/06/2024,Pós-Doutorado,
19,Roberto Galéry,4e110187-2d32-444e-9770-42788848c208,12/12/2022,Doutorado,
20,Gustavo Meirelles Lima,960508c4-fd11-4858-89ba-f2ad966395be,26/06/2024,Doutorado,
21,Jisela Aparecida Santanna Greco,c98241c1-03f3-4cd6-99c8-a5ef30f2884f,26/03/2024,Doutorado,
22,Danilo Iglesias Brandão,04db9ce1-2e16-40c0-b70b-61f58f7fa94a,24/05/2024,Doutorado,
23,Marcelo Azevedo Costa,89ff445d-0c39-4fc7-95a3-85e27426f61b,18/06/2024,Pós-Doutorado,
24,Douglas Batista Mazzinghy,dcd01ef7-217d-4d9f-8160-820d4cfa5be7,14/06/2024,Doutorado,083a16f0-cccf-47d2-a676-d10b8931f66b
25,Renán Collantes Candia,73b6766e-b469-44fc-9480-c4716df781a3,17/06/2024,Doutorado,083a16f0-cccf-47d2-a676-d10b8931f66b
26,Alexandre Rodrigues Mesquita,e9135e9c-9088-403d-8791-bf014dabb173,04/03/2024,Pós-Doutorado,083a16f0-cccf-47d2-a676-d10b8931f66b
27,Dayana Cristina Silva Garcia,84578acd-05ff-4b9c-94d0-d16f26155fbb,17/05/2024,Doutorado,083a16f0-cccf-47d2-a676-d10b8931f66b
28,Samuel Vieira Conceição,88baed3f-fb36-4237-bd7e-19fea33c3535,14/06/2024,Pós-Doutorado,083a16f0-cccf-47d2-a676-d10b8931f66b
29,Roberto Braga Figueiredo,9d7a6190-1a60-4af6-9b43-ecdefc911bb7,08/12/2023,Pós-Doutorado,083a16f0-cccf-47d2-a676-d10b8931f66b
30,Glássio Costa de Miranda,8fc5e7da-95fb-4b35-9a71-e3986ce54ab4,09/09/2021,Doutorado,083a16f0-cccf-47d2-a676-d10b8931f66b
31,Luciano Cunha de Araújo Pimenta,04798d43-c993-47bb-88b0-7e67e5e0133c,26/06/2024,Doutorado,083a16f0-cccf-47d2-a676-d10b8931f66b
32,Flavio Hara,d0d78cc7-7c9e-4087-b765-398fdffb61b1,22/06/2023,Mestrado,083a16f0-cccf-47d2-a676-d10b8931f66b
33,Reinaldo Martinez Palhares,6dd22176-3cc0-4d5f-89be-31b4887de669,01/06/2024,Pós-Doutorado,083a16f0-cccf-47d2-a676-d10b8931f66b
34,Ana Valéria Carneiro Dias,aa4efa06-5d0c-417b-b994-380617f9ce4d,14/05/2024,Pós-Doutorado,083a16f0-cccf-47d2-a676-d10b8931f66b
35,Rudolf Huebner,71ada993-3aa8-4196-ab15-f184cd16164b,24/05/2024,Doutorado,083a16f0-cccf-47d2-a676-d10b8931f66b
36,Maria Auxiliadora Fortini Veloso,d2c85870-48ba-402b-93d1-89f58aff9dac,11/04/2024,Doutorado,083a16f0-cccf-47d2-a676-d10b8931f66b
37,Frederico de Castro Magalhães,3702de59-0922-43e0-82f4-81327f204a6d,14/06/2024,Pós-Doutorado,083a16f0-cccf-47d2-a676-d10b8931f66b
38,Eduardo Chahud,18bfae4c-974d-478c-b0c4-f4654de3f1b5,26/06/2024,Doutorado,083a16f0-cccf-47d2-a676-d10b8931f66b
39,Adriana Silva Franca,f9482164-e9f8-40f6-8b68-1b6daf81a483,19/05/2024,Pós-Doutorado,083a16f0-cccf-47d2-a676-d10b8931f66b
40,Maria Helena Murta Vale,42d2526e-7c3e-4333-b7ba-7616da5a7930,23/04/2024,Doutorado,083a16f0-cccf-47d2-a676-d10b8931f66b
41,Ana Lydia Reis de Castro e Silva,e4658edf-3b09-44d1-8266-abef9e9e2990,19/03/2024,Doutorado,083a16f0-cccf-47d2-a676-d10b8931f66b
42,Leandro Rocha Lemos,159b9595-4710-48c8-9e09-0265fd862cf0,14/12/2023,Doutorado,083a16f0-cccf-47d2-a676-d10b8931f66b
43,Frederico Gualberto Ferreira Coelho,2efa9472-12c5-4823-8863-042b39600251,25/06/2024,Pós-Doutorado,083a16f0-cccf-47d2-a676-d10b8931f66b
44,Felício Bruzzi Barros,ad9bf4d6-95fa-48d0-8fce-d6bde99990e6,08/05/2024,Pós-Doutorado,083a16f0-cccf-47d2-a676-d10b8931f66b
45,Ricardo Luiz Utsch de Freitas Pinto,1d016d4c-8927-4064-bee6-c3f964d731be,05/06/2024,Doutorado,083a16f0-cccf-47d2-a676-d10b8931f66b
46,Vitor Angelo Maria Ferreira Torres,2d3dadbc-2b7f-4c2b-b5fd-e278f5484ee9,20/05/2024,Doutorado,083a16f0-cccf-47d2-a676-d10b8931f66b
47,José Elievam Bessa Júnior,44387966-87f3-42a9-8815-fe494287432a,25/06/2024,Doutorado,083a16f0-cccf-47d2-a676-d10b8931f66b
48,Davies William de Lima Monteiro,1eca18db-e63e-4229-b089-65e3bef17b9f,22/12/2022,Pós-Doutorado,083a16f0-cccf-47d2-a676-d10b8931f66b
49,Luiz Machado,37e41e98-f715-4c28-99e9-6349a7bba216,02/11/2021,Doutorado,083a16f0-cccf-47d2-a676-d10b8931f66b
50,Danilo Barbosa Melges,fa500f49-6c8b-4f97-b679-39febe9fb49a,25/06/2024,Pós-Doutorado,083a16f0-cccf-47d2-a676-d10b8931f66b
51,Alberto Resende De Conti,328840e7-78d5-4416-afae-ab9e49717cb3,20/06/2024,Pós-Doutorado,083a16f0-cccf-47d2-a676-d10b8931f66b
52,Guilherme Vianna Raffo,875f65be-0e38-4179-88cc-807c0585a337,12/04/2024,Pós-Doutorado,083a16f0-cccf-47d2-a676-d10b8931f66b
53,Leise Kelli de Oliveira,f25f89a5-c442-442e-9340-36babe80473b,14/06/2024,Pós-Doutorado,083a16f0-cccf-47d2-a676-d10b8931f66b
54,João Ricardo da Mata Soares de Souza,bef9ec60-daef-450b-b182-a1f94aff95d9,29/05/2024,Doutorado,083a16f0-cccf-47d2-a676-d10b8931f66b
55,Andre Paim Lemos,c0488501-9eb7-4f26-a938-9486224f83a2,27/06/2023,Doutorado,083a16f0-cccf-47d2-a676-d10b8931f66b
56,Ana Liddy Cenni de Castro Magalhães,2eec69d7-7691-49fd-b0f2-6cc542587ea3,15/02/2024,Doutorado,083a16f0-cccf-47d2-a676-d10b8931f66b
57,Fernando Henrique Silveira,cc2f7f32-f796-4516-96d5-ff032d50c859,10/05/2024,Pós-Doutorado,083a16f0-cccf-47d2-a676-d10b8931f66b
58,Luiz Antônio Melgaço Nunes Branco,a1d7c458-66d8-449f-ba71-cd3e4da5fd4e,18/06/2024,Pós-Doutorado,083a16f0-cccf-47d2-a676-d10b8931f66b
59,Eduardo Mazoni Andrade Marçal Mendes,de3b452f-dd38-4d6f-b654-77ee579d84eb,21/02/2024,Pós-Doutorado,083a16f0-cccf-47d2-a676-d10b8931f66b
60,Eduardo Bauzer Medeiros,751c234c-d99f-4524-9a2d-47e768f0336c,25/03/2024,Doutorado,083a16f0-cccf-47d2-a676-d10b8931f66b
61,Erika Cristina Cren,201cb71b-814a-46a7-8ddb-5d8092a12369,20/06/2024,Doutorado,083a16f0-cccf-47d2-a676-d10b8931f66b
62,Pedro Benedito Casagrande,9daaa444-8c64-4300-95b2-341e1b9110e9,17/04/2024,Doutorado,083a16f0-cccf-47d2-a676-d10b8931f66b
63,Maria Teresa Paulino Aguilar,59fb3676-a752-4932-8614-76cbfdf376ba,29/05/2024,Doutorado,083a16f0-cccf-47d2-a676-d10b8931f66b
64,Danilo Amaral,5167cf96-095e-42f1-a32d-504955f9f4c7,01/10/2023,Doutorado,083a16f0-cccf-47d2-a676-d10b8931f66b
65,Ramon Pereira da Silva,b2da293a-34d2-434b-a4b4-9cdbe28235ff,25/03/2024,Doutorado,083a16f0-cccf-47d2-a676-d10b8931f66b
66,Armando Alves Neto,33b1a668-62f4-4479-aa64-4a24d828bef8,26/06/2024,Pós-Doutorado,083a16f0-cccf-47d2-a676-d10b8931f66b
67,Antonella Lombardi Costa,d87df9a0-156d-4139-b5b7-f6743f61862e,19/06/2024,Pós-Doutorado,
68,Carlos Ermídio Ferreira Caetano,ac3e4b0e-11be-4c99-81fa-1181791e7671,09/03/2024,Pós-Doutorado,083a16f0-cccf-47d2-a676-d10b8931f66b
69,Wilson dos Santos Fernandes,ce7ca750-2a4f-4b46-a972-1926c9e2dd11,02/05/2024,Pós-Doutorado,083a16f0-cccf-47d2-a676-d10b8931f66b
70,Ivan José da Silva Lopes,3257b27e-9ac6-4df2-b4fb-a7d2d7420354,18/03/2024,Doutorado,083a16f0-cccf-47d2-a676-d10b8931f66b
71,Hermes Aguiar Magalhães,d9937be0-d8ea-4f01-904f-72ed09b7b1e5,31/03/2024,Pós-Doutorado,083a16f0-cccf-47d2-a676-d10b8931f66b
72,Maria Cecilia Pereira de Faria,257f3a34-97b3-445c-920c-2ebb8ca32e39,23/05/2024,Pós-Doutorado,
73,Ricardo Poley Martins Ferreira,8e9e785f-5015-4056-b3e2-3e59b777d56e,24/03/2024,Pós-Doutorado,083a16f0-cccf-47d2-a676-d10b8931f66b
74,Rodney Rezende Saldanha,b953710f-6f35-415a-b02b-2048d1f5dc4a,26/03/2024,Doutorado,083a16f0-cccf-47d2-a676-d10b8931f66b
75,Augusta Cerceau Isaac Neta,6870bede-cd11-4a77-84ee-b4e9fdbc35fb,07/05/2024,Pós-Doutorado,083a16f0-cccf-47d2-a676-d10b8931f66b
76,Carlos Andrey Maia,d569b2fc-18c7-4154-a32a-5fadb021debc,25/06/2024,Doutorado,083a16f0-cccf-47d2-a676-d10b8931f66b
77,Luiz Claudio Monteiro Montenegro,a89b23d9-701e-473d-865d-ef2816ab74da,16/08/2023,Doutorado,083a16f0-cccf-47d2-a676-d10b8931f66b
78,Juan Carlos Horta Gutiérrez,80d8f313-8aef-479c-bd9f-ecb830dfac74,07/06/2024,Pós-Doutorado,083a16f0-cccf-47d2-a676-d10b8931f66b
79,Luciano Antonio Frezzato Santos,fc9060d5-579b-42cd-a732-1113f969c1d9,26/06/2024,Pós-Doutorado,083a16f0-cccf-47d2-a676-d10b8931f66b
80,Leandro Cardoso,02bb6f83-ebc5-4b5f-8987-bd343e5c57f9,14/06/2024,Doutorado,083a16f0-cccf-47d2-a676-d10b8931f66b
81,Samuel Silva Penna,c86764b7-a009-4682-b054-57bebd99d1a6,15/02/2024,Pós-Doutorado,083a16f0-cccf-47d2-a676-d10b8931f66b
82,Juan Carlos Campos Rubio,cfba94b2-c144-4f67-b700-9a910a7e4f8c,23/06/2024,Pós-Doutorado,083a16f0-cccf-47d2-a676-d10b8931f66b
83,Willian Moreira Duarte,1d46b2db-8347-4037-9f0f-a4bd2227a7e1,24/06/2024,Pós-Doutorado,
84,Ricardo Saraiva de Camargo,82d822d5-adc7-4d1e-8bd3-b2acfb9eaa82,26/06/2022,Pós-Doutorado,083a16f0-cccf-47d2-a676-d10b8931f66b
85,Telma Cristina Ferreira Fonseca,73838a50-ebf1-4e94-bfba-2ebcff568c62,06/05/2024,Pós-Doutorado,083a16f0-cccf-47d2-a676-d10b8931f66b
86,Luciano de Errico,4c36571a-3685-42e2-ad81-c8348d17b4cd,28/01/2024,Doutorado,083a16f0-cccf-47d2-a676-d10b8931f66b
87,Rodrigo Guerra Peixoto,6df39875-9e95-45e5-9442-e6cd557312b5,03/05/2024,Doutorado,083a16f0-cccf-47d2-a676-d10b8931f66b
88,Sofia Maria Carrato Diniz,2c5bc34f-4b2c-4102-b98f-c08df4bb31c7,22/06/2024,Pós-Doutorado,083a16f0-cccf-47d2-a676-d10b8931f66b
89,Raphael Nunes de Oliveira,f3b2b734-9ffb-46c6-a5df-9bff5700db4a,25/06/2024,Pós-Doutorado,
90,Marco Aurélio de Souza Birchal,af3ae193-4aa6-44c6-8146-dccaef746d46,24/04/2024,Doutorado,083a16f0-cccf-47d2-a676-d10b8931f66b
91,Jhonattan Córdoba Ramírez,f1a45154-255a-4d9a-8f52-b0eac0459c15,08/06/2024,Pós-Doutorado,083a16f0-cccf-47d2-a676-d10b8931f66b
92,Katia Cecilia de Souza Figueiredo,75921ce4-f969-4e1f-aef2-f77ca1478b7f,29/05/2024,Pós-Doutorado,083a16f0-cccf-47d2-a676-d10b8931f66b
93,Bruno Otávio Soares Teixeira,874ee657-7177-417c-b533-1ac08d1b31f6,18/06/2024,Pós-Doutorado,083a16f0-cccf-47d2-a676-d10b8931f66b
94,Antonio de Padua Braga,77ef38cf-35f8-4a4a-97b5-caa14fbd2277,30/01/2024,Pós-Doutorado,083a16f0-cccf-47d2-a676-d10b8931f66b
95,Henrique Resende Martins,8d8b3029-4612-4480-b17d-a46f44d4e0f9,03/05/2024,Doutorado,083a16f0-cccf-47d2-a676-d10b8931f66b
96,Fernando Cotting,d8f0ec2b-08fd-4b09-9ce8-b0de21ed9428,08/06/2024,Doutorado,083a16f0-cccf-47d2-a676-d10b8931f66b
97,Taciana Toledo de Almeida Albuquerque,9c6f95f2-cc7f-4843-8655-252c5eeb3bf5,07/05/2024,Doutorado,083a16f0-cccf-47d2-a676-d10b8931f66b
98,Paulo Roberto Pereira Andery,dc1f1252-22a6-4054-b37c-83e19ac02db2,03/06/2024,Doutorado,083a16f0-cccf-47d2-a676-d10b8931f66b
99,Rodrigo Barreto Caldas,59a4b810-3676-422c-ac48-51f958685bf6,20/03/2024,Doutorado,083a16f0-cccf-47d2-a676-d10b8931f66b
100,Rafael Augusto Magalhães Ferreira,e0d8b5a0-b1ec-42ff-8e90-b7d3cb9cffa4,10/06/2024,Pós-Doutorado,083a16f0-cccf-47d2-a676-d10b8931f66b
101,Vinicius Mariano Gonçalves,35970f5e-1b95-4069-af00-9af2fbb4d36c,14/01/2024,Doutorado,083a16f0-cccf-47d2-a676-d10b8931f66b
102,Claubia Pereira Bezerra Lima,a53538c6-f9f7-402e-a239-76e369e3a55e,19/04/2024,Pós-Doutorado,083a16f0-cccf-47d2-a676-d10b8931f66b
103,Francisco Eustáquio Oliveira e Silva,1c812c02-11bf-4257-83c0-82a7382bba1e,20/03/2024,Doutorado,083a16f0-cccf-47d2-a676-d10b8931f66b
104,Berenice Mendonca Gonzalez,26f630af-c8d2-4efc-8fbd-a4e34770e649,18/03/2024,Doutorado,083a16f0-cccf-47d2-a676-d10b8931f66b
105,Cesar Rossas Mota Filho,4fdffc9b-7be1-4c6f-b293-a4eebc4c9c4c,26/06/2024,Pós-Doutorado,083a16f0-cccf-47d2-a676-d10b8931f66b
106,Michel Melo Oliveira,58f64bbc-d4d6-4894-aa16-23f7a59f2b74,08/05/2024,Doutorado,083a16f0-cccf-47d2-a676-d10b8931f66b
107,Eduardo Romeiro Filho,da63d300-624b-4dd2-8704-a2e3728b7f90,14/05/2024,Pós-Doutorado,083a16f0-cccf-47d2-a676-d10b8931f66b
108,Daniel Majuste,c4769bef-0a1b-490d-aca8-07037d2d94dc,13/06/2024,Pós-Doutorado,083a16f0-cccf-47d2-a676-d10b8931f66b
109,Hugo César Coelho Michel,227db617-5f72-4bd3-bba1-4de5d8dc431e,09/04/2024,Mestrado,083a16f0-cccf-47d2-a676-d10b8931f66b
110,Marcelo Cardoso,76cede85-d393-45c0-bd9f-246a784b33a6,27/06/2024,Doutorado,083a16f0-cccf-47d2-a676-d10b8931f66b
111,Cristiano Fiorilo de Melo,a0b80006-fa31-4d34-8280-9061faeff639,12/04/2024,Pós-Doutorado,083a16f0-cccf-47d2-a676-d10b8931f66b
112,Clarysson Alberto Mello da Silva,6264ff6c-f348-412b-b40c-4840493113c0,18/04/2024,Pós-Doutorado,083a16f0-cccf-47d2-a676-d10b8931f66b
113,Eber José de Andrade Pinto,82470206-c145-4834-95a8-bd35a6f4a8cf,03/04/2024,Doutorado,083a16f0-cccf-47d2-a676-d10b8931f66b
114,Paulo Fernando Monteiro Palmeira,e8afd80c-1f09-4413-b2ba-b886d48b8256,09/01/2019,Doutorado,083a16f0-cccf-47d2-a676-d10b8931f66b
115,Sonaly Cristina Rezende Borges de Lima,995da8dd-da51-4c05-a03d-e2e205a52589,25/06/2024,Pós-Doutorado,083a16f0-cccf-47d2-a676-d10b8931f66b
116,Fernando do Couto Rosa Almeida,7568b2fd-5d0e-4e19-beec-1c2d7e9f0e86,09/05/2024,Pós-Doutorado,083a16f0-cccf-47d2-a676-d10b8931f66b
117,Pedro Henrique Rodrigues Pereira,56315e36-3b30-4243-b4ef-a38bca13606e,16/04/2024,Doutorado,083a16f0-cccf-47d2-a676-d10b8931f66b
118,Mateus Antônio Nogueira Oliveira,8070e3a4-a97f-4da1-9797-8cef1b8b8450,27/06/2024,Doutorado,083a16f0-cccf-47d2-a676-d10b8931f66b
119,Alessandro Fernandes Moreira,4ea74454-1541-408a-86e6-a72f1a355382,10/05/2022,Doutorado,083a16f0-cccf-47d2-a676-d10b8931f66b
120,Viviane da Silva Borges Barbosa,32339272-4953-496e-835b-8417f9c8ad00,21/06/2024,Doutorado,083a16f0-cccf-47d2-a676-d10b8931f66b
121,Éder Domingos de Oliveira,063fc84d-591c-4977-97ce-40f4358b8e6c,02/11/2022,Pós-Doutorado,083a16f0-cccf-47d2-a676-d10b8931f66b
122,Ecidineia Pinto Soares de Mendonça,76beddf7-64f6-43f4-a790-2e304fee510e,22/03/2024,Doutorado,083a16f0-cccf-47d2-a676-d10b8931f66b
123,Ricardo Luiz da Silva Adriano,9c950d9b-f6e5-405f-9370-bbbef7813d68,15/12/2023,Pós-Doutorado,083a16f0-cccf-47d2-a676-d10b8931f66b
124,Julian Cardoso Eleutério,98211056-ed75-4c04-b143-b1d7e9d42d56,04/04/2024,Doutorado,083a16f0-cccf-47d2-a676-d10b8931f66b
125,Diogo Batista de Oliveira,34fbadbd-c355-4a3a-ad58-2fa377d87cbb,29/01/2024,Pós-Doutorado,083a16f0-cccf-47d2-a676-d10b8931f66b
126,Marco Tulio Correa de Faria,deb4b9b9-49ab-4f63-bcf4-02a65de384f1,26/02/2024,Pós-Doutorado,083a16f0-cccf-47d2-a676-d10b8931f66b
127,Herman Sander Mansur,2dd0aec4-8bea-4101-8a45-fc4be41c3ff4,26/06/2024,Doutorado,083a16f0-cccf-47d2-a676-d10b8931f66b
128,Luis Antonio Aguirre,45e0cea5-75db-4238-976a-93b0e2bd52c2,08/06/2024,Doutorado,083a16f0-cccf-47d2-a676-d10b8931f66b
129,Meinhard Sesselmann,2387e239-eafa-45c4-a774-41caac37ef25,10/04/2023,Doutorado,083a16f0-cccf-47d2-a676-d10b8931f66b
130,Matheus Pereira Porto,82d29b1a-15ea-4ee8-9da1-ba5afb35312a,27/05/2024,Doutorado,083a16f0-cccf-47d2-a676-d10b8931f66b
131,Thiago de Alencar Neves,85bbb3f8-7d24-4a38-a01a-e572ad33678a,12/05/2024,Doutorado,083a16f0-cccf-47d2-a676-d10b8931f66b
132,Raphael Tobias de Vasconcelos Barros,2634cefc-20b6-4319-a62f-2fd358db27ab,03/06/2024,Doutorado,083a16f0-cccf-47d2-a676-d10b8931f66b
133,Pedro Bastos Costa,bd7e97df-2235-4570-a762-f95c26e438ad,21/05/2024,Doutorado,083a16f0-cccf-47d2-a676-d10b8931f66b
134,Luciana Pedrosa Salles,6ac9244d-381d-4dae-b473-a704d0803e8d,06/04/2024,Doutorado,083a16f0-cccf-47d2-a676-d10b8931f66b
135,Luiz Themystokliz Sanctos Mendes,402f6226-6eef-4294-b26c-2587adcff0f9,23/06/2023,Pós-Doutorado,083a16f0-cccf-47d2-a676-d10b8931f66b
136,Fernando José da Silva Moreira,4acfd1e6-fc08-4db1-bd88-a09dbf458949,18/06/2024,Doutorado,083a16f0-cccf-47d2-a676-d10b8931f66b
137,Antonio Ferreira Ávila,f3a2686e-111b-4902-9fc7-8779b3291d02,02/04/2024,Pós-Doutorado,083a16f0-cccf-47d2-a676-d10b8931f66b
138,Valter Lúcio de Pádua,626ddcad-5ecf-4f96-bb23-9ac578e40769,11/05/2021,Pós-Doutorado,083a16f0-cccf-47d2-a676-d10b8931f66b
139,Juliana Primo Basílio de Souza,bf88212d-c269-474d-b296-bc00fcfd58e3,20/03/2024,Doutorado,083a16f0-cccf-47d2-a676-d10b8931f66b
140,Leonardo Antônio Borges Tôrres,ab9e0843-6021-4f0a-80a2-89da03cc3099,05/06/2024,Pós-Doutorado,083a16f0-cccf-47d2-a676-d10b8931f66b
141,Noel Torres Júnior,59191c48-1019-4130-a74d-8b216a5844ba,21/03/2024,Pós-Doutorado,083a16f0-cccf-47d2-a676-d10b8931f66b
142,Lenin Martins Ferreira Morais,24011d69-0a7f-48d2-8c97-6f86564a0dc7,17/06/2024,Pós-Doutorado,083a16f0-cccf-47d2-a676-d10b8931f66b
143,Lazaro Valentim Donadon,b3935361-7877-4215-85ae-e50b8d6684ce,04/07/2022,Pós-Doutorado,083a16f0-cccf-47d2-a676-d10b8931f66b
144,Marcelo Libânio,f1cb2312-fa9c-46b3-b05e-5d18dbfc1df0,26/04/2024,Pós-Doutorado,083a16f0-cccf-47d2-a676-d10b8931f66b
145,Antonio Ananias de Mendonca,5dd15a42-41f3-4974-9f5f-1c892e4b2c85,11/12/2023,Mestrado,083a16f0-cccf-47d2-a676-d10b8931f66b
146,Eduardo Gontijo Carrano,95f0d7df-edfa-4283-93ce-cfbd83381d36,07/09/2023,Pós-Doutorado,083a16f0-cccf-47d2-a676-d10b8931f66b
147,Lúcio Flávio de Souza Villar,c68d20b4-5d43-43b6-8c95-98e7586e0c24,05/06/2018,Pós-Doutorado,083a16f0-cccf-47d2-a676-d10b8931f66b
148,Leandro Lopes da Silva,ebc1b887-cb96-4e24-bf3a-a7fac3a82c34,20/06/2024,Doutorado,083a16f0-cccf-47d2-a676-d10b8931f66b
149,Horacio Valadares Duarte,c6d63d8e-1b47-4e7b-ba53-8f333ca1d5fb,31/05/2022,Doutorado,083a16f0-cccf-47d2-a676-d10b8931f66b
150,Sidelmo Magalhães Silva,6b36db8d-9cac-48c8-bc7a-c935c0356ae8,15/05/2024,Pós-Doutorado,083a16f0-cccf-47d2-a676-d10b8931f66b
151,Maria Clara Vieira Martins Starling,70b70986-6eb9-42e5-9dd8-7a50b61dd472,10/04/2024,Doutorado,083a16f0-cccf-47d2-a676-d10b8931f66b
152,Patrícia Nascimento Pena,c9caf0dd-5e70-4cf4-9e5d-234c9e5b59af,22/06/2024,Pós-Doutorado,083a16f0-cccf-47d2-a676-d10b8931f66b
153,Sonia Seger Pereira Mercedes,08381989-2325-4328-b463-050074d4c4bd,28/02/2024,Doutorado,083a16f0-cccf-47d2-a676-d10b8931f66b
154,Alexandre Mendes Abrao,41de4532-2540-4985-9805-cf4c5a7a3c5d,24/06/2024,Pós-Doutorado,083a16f0-cccf-47d2-a676-d10b8931f66b
155,Edna Maria de Faria Viana,743aeeeb-0d81-4e0e-a65f-3af68a18d286,03/05/2024,Doutorado,083a16f0-cccf-47d2-a676-d10b8931f66b
156,Carlos Eduardo Velasquez Cabrera,b421d22a-a263-4da0-94da-77555b502b4b,07/06/2024,Doutorado,083a16f0-cccf-47d2-a676-d10b8931f66b
157,Jorge Luis Zegarra Tarqui,2a8a02b7-13e2-4673-978a-c966ee4e66e3,12/03/2024,Doutorado,083a16f0-cccf-47d2-a676-d10b8931f66b
158,Renan Fernandes Kozan,fc6edeac-232b-4d54-9945-6570965bb683,22/01/2024,Doutorado,083a16f0-cccf-47d2-a676-d10b8931f66b
159,Cassio Goncalves do Rego,f52ef221-cf3a-499e-9797-8a68a1667eef,18/08/2023,Doutorado,083a16f0-cccf-47d2-a676-d10b8931f66b
160,Marcelo Franco Porto,10013b8c-c688-49e7-924f-a7d37448d432,20/06/2024,Doutorado,083a16f0-cccf-47d2-a676-d10b8931f66b
161,Lapo Gori,8c7aa6c3-a0fd-496b-b032-fb75a561df1c,23/05/2024,Pós-Doutorado,083a16f0-cccf-47d2-a676-d10b8931f66b
162,Marcos Antônio Severo Mendes,075a993e-ded9-405a-9bdf-0a3b9da38f19,20/05/2024,Doutorado,083a16f0-cccf-47d2-a676-d10b8931f66b
163,Roque Luiz da Silva Pitangueira,c88dc67f-66c6-4bb1-b754-95f5615b180a,25/03/2024,Doutorado,083a16f0-cccf-47d2-a676-d10b8931f66b
164,Bruno Melo Brentan,0ec041c4-0773-4042-82b7-498c6469d375,27/06/2024,Pós-Doutorado,083a16f0-cccf-47d2-a676-d10b8931f66b
165,Eduardo Henrique Martins Nunes,bb295e55-b91b-400a-a97c-9b2cbf809119,07/05/2024,Pós-Doutorado,083a16f0-cccf-47d2-a676-d10b8931f66b
166,Luiz Henrique Jorge Machado,fec2e962-391e-4555-ab2d-627343004b97,24/08/2022,Doutorado,083a16f0-cccf-47d2-a676-d10b8931f66b
167,Alizeibek Saleimen Nader,5a93114b-35c2-449f-83f1-d96c4f715d78,08/04/2024,Doutorado,083a16f0-cccf-47d2-a676-d10b8931f66b
168,Jaime Arturo Ramírez,c0fb3966-374d-486f-a6c1-6c88796265e9,29/01/2024,Pós-Doutorado,083a16f0-cccf-47d2-a676-d10b8931f66b
169,Estevam Barbosa de Las Casas,9542890e-ac25-4976-b7e4-4a0e031d8b20,24/06/2024,Pós-Doutorado,083a16f0-cccf-47d2-a676-d10b8931f66b
170,Carlos Alberto Cimini Junior,ace2ca57-9b6b-4e02-8cde-cf5316a040a3,10/05/2024,Pós-Doutorado,083a16f0-cccf-47d2-a676-d10b8931f66b
171,Luciano Fernandes de Magalhães,e6a70435-8ece-45ad-94fe-fa826f1d3b69,11/06/2024,Doutorado,083a16f0-cccf-47d2-a676-d10b8931f66b
172,Daniel Bastos de Rezende,d8ee5fe0-61b9-4685-ab63-2412086c09bc,29/05/2024,Doutorado,083a16f0-cccf-47d2-a676-d10b8931f66b
173,Maria Cecília Pereira,650a640c-efbc-4079-af2b-844dd5937bfc,06/02/2024,Doutorado,083a16f0-cccf-47d2-a676-d10b8931f66b
174,Hermes Carvalho,d57f2e6b-d1bb-4681-9a9d-ba31f95d95bd,25/06/2024,Pós-Doutorado,083a16f0-cccf-47d2-a676-d10b8931f66b
175,Pedro Vianna Pessoa de Mendonça,ae2bec84-3483-4d22-adca-b075a4afe426,16/03/2007,Mestrado,083a16f0-cccf-47d2-a676-d10b8931f66b
176,Andrea Chiuchiarelli,d684c83f-b53d-4190-959d-f1d62b6c7ccc,10/01/2023,Pós-Doutorado,083a16f0-cccf-47d2-a676-d10b8931f66b
177,Jacqueline Maria Flor,af33e096-aac0-4287-a20f-4c330b2c878f,10/06/2022,Doutorado,083a16f0-cccf-47d2-a676-d10b8931f66b
178,Lucas Ribeiro dos Santos,f19c514b-895e-4272-897b-cbc8ccc388c5,17/04/2024,Doutorado,083a16f0-cccf-47d2-a676-d10b8931f66b
179,Leandro Soares de Oliveira,393d398b-d7ca-404c-bdeb-54df315788c3,06/03/2024,Pós-Doutorado,083a16f0-cccf-47d2-a676-d10b8931f66b
180,Eduardo José Lima II,1882aae8-5083-468b-b007-48d04089e144,18/06/2024,Doutorado,083a16f0-cccf-47d2-a676-d10b8931f66b
181,Wander Luiz Vasconcelos,b6685bc7-2402-461d-9f2d-108e3fbb8b1f,24/04/2024,Pós-Doutorado,083a16f0-cccf-47d2-a676-d10b8931f66b
182,Leonardo Amaral Mozelli,20a5f9ca-749f-428f-a4be-606008a1e198,31/05/2024,Doutorado,083a16f0-cccf-47d2-a676-d10b8931f66b
183,Maurício Covcevich Bagatini,266a4b1c-1491-4fd3-88c1-0d23cc3209f3,01/03/2024,Pós-Doutorado,083a16f0-cccf-47d2-a676-d10b8931f66b
184,Marcelo Araújo Câmara,da78bf9b-56e4-47e9-be5e-c0dd175adc03,25/06/2024,Doutorado,083a16f0-cccf-47d2-a676-d10b8931f66b
185,Cristiano Leite de Castro,042692ac-c8fe-48f9-94a9-5dbabcae3d18,16/04/2024,Doutorado,083a16f0-cccf-47d2-a676-d10b8931f66b
186,Danielle Meireles de Oliveira,6ba2479a-1351-486b-be24-dd3178de06b3,05/06/2024,Doutorado,083a16f0-cccf-47d2-a676-d10b8931f66b
187,Gabriel Azevedo Fogli,5c81fdd7-3a63-42e4-861e-216c91c0c855,29/05/2024,Doutorado,083a16f0-cccf-47d2-a676-d10b8931f66b
188,Thales Alexandre Carvalho Maia,c50deb29-5494-4cbe-84c3-2fdbd2dcfb66,25/03/2024,Doutorado,083a16f0-cccf-47d2-a676-d10b8931f66b
189,Joel Laguárdia Campos Reis,6e0f1ff4-04a0-48dd-991f-733b0ccc15e2,28/11/2023,Doutorado,083a16f0-cccf-47d2-a676-d10b8931f66b
190,Lucas de Souza Batista,ce30608b-f569-4f65-abd8-6755ef5a0c26,26/06/2024,Doutorado,083a16f0-cccf-47d2-a676-d10b8931f66b
191,Marcelo Alves de Souza,957dbad7-e1e5-4495-94a7-c88295186c06,04/04/2024,Doutorado,083a16f0-cccf-47d2-a676-d10b8931f66b
192,Sidnea Eliane Campos Ribeiro,0334a120-dbf0-4356-b136-b14c9fb9189e,18/06/2024,Doutorado,083a16f0-cccf-47d2-a676-d10b8931f66b
193,Veber Afonso Figueiredo Costa,1fc06505-fec5-455b-b013-ac47384838f7,25/06/2024,Doutorado,083a16f0-cccf-47d2-a676-d10b8931f66b
194,Fernando de Oliveira Souza,1e6f37eb-46b3-44fa-87ad-a7b2396ebed3,09/06/2024,Pós-Doutorado,083a16f0-cccf-47d2-a676-d10b8931f66b
195,Michel Bessani,a00905a8-b083-4daf-a9cf-eabd84f29085,09/05/2024,Doutorado,083a16f0-cccf-47d2-a676-d10b8931f66b
196,Lásara Fabricia Rodrigues,7326923a-f733-43c6-823a-2568f4eef7e6,20/06/2024,Doutorado,083a16f0-cccf-47d2-a676-d10b8931f66b
197,Raoni Guerra Lucas Rajão,80c5bb3a-c35e-4865-b52b-d3bd97f6aec3,23/01/2024,Doutorado,083a16f0-cccf-47d2-a676-d10b8931f66b
198,João Flávio de Freitas Almeida,f2ab4661-8e6b-45ec-81cd-1c98a86d1a96,26/06/2024,Pós-Doutorado,083a16f0-cccf-47d2-a676-d10b8931f66b
199,Braz de Jesus Cardoso Filho,ce65ef9a-487d-4163-8358-5cab6702fdfc,22/03/2024,Doutorado,083a16f0-cccf-47d2-a676-d10b8931f66b
200,Anderson Laécio Galindo Trindade,5e1af715-d8d5-4d57-9ea2-19e0b18a0655,12/01/2021,Doutorado,083a16f0-cccf-47d2-a676-d10b8931f66b
201,Paulo César de Matos Rodrigues,b4cac1a8-6cf6-43cb-8812-725f610b7c73,26/03/2024,Doutorado,083a16f0-cccf-47d2-a676-d10b8931f66b
202,Guilherme de Souza Papini,28c02f31-5dc0-4c50-a081-01035eb4e56f,01/09/2023,Doutorado,083a16f0-cccf-47d2-a676-d10b8931f66b
203,Ricardo de Oliveira Duarte,d45ec146-9112-4049-acbd-92a7891287a2,05/06/2024,Doutorado,083a16f0-cccf-47d2-a676-d10b8931f66b
204,Wadaed Uturbey da Costa,dc39528d-fe7b-4c9c-aa6b-b2536fd16bef,29/02/2024,Doutorado,083a16f0-cccf-47d2-a676-d10b8931f66b
205,Carmela Maria Polito Braga,0e68c448-01be-4af7-a67c-a4168c7ce3bf,23/05/2024,Doutorado,083a16f0-cccf-47d2-a676-d10b8931f66b
206,Esly Ferreira da Costa Junior,e3ecbc69-6bf1-4dc4-953e-f015cc9ac8f3,20/06/2024,Doutorado,083a16f0-cccf-47d2-a676-d10b8931f66b
207,Leandro de Arruda Santos,64817a33-54f4-44ec-a703-3fd501786cbb,18/06/2024,Pós-Doutorado,083a16f0-cccf-47d2-a676-d10b8931f66b
208,Adriano Vilela Barbosa,736a5bc7-204e-47d3-9ef5-8575e8cbe9ba,06/02/2023,Pós-Doutorado,083a16f0-cccf-47d2-a676-d10b8931f66b
209,Francisco Carlos Rodrigues,73e8bc69-0157-4fa6-9c23-905ec84fc5f9,10/08/2023,Doutorado,083a16f0-cccf-47d2-a676-d10b8931f66b
210,Alisson Duarte da Silva,e9d785da-273d-4f42-8765-b8e319a756a5,23/06/2023,Pós-Doutorado,083a16f0-cccf-47d2-a676-d10b8931f66b
211,Janier Arias García,1c0bc96a-e764-413b-a29c-ddc18b63dc92,22/04/2024,Doutorado,083a16f0-cccf-47d2-a676-d10b8931f66b
212,Oscar Ricardo Sandoval Rodriguez,9d9bc90e-340e-492a-8fb5-dd54ee8ca157,26/06/2024,Doutorado,083a16f0-cccf-47d2-a676-d10b8931f66b
213,Sergio Luiz Cabral da Silva,6eff5924-6f8e-4f01-bd89-461e80748a03,07/03/2021,Doutorado,083a16f0-cccf-47d2-a676-d10b8931f66b
214,Julio Cézar Balarini,52ee0012-d86f-46a1-b7e5-42d2499e6bea,16/06/2024,Pós-Doutorado,083a16f0-cccf-47d2-a676-d10b8931f66b
215,Gustavo Ferreira Simões,e0343a0f-9556-44ff-8f52-6920676abfcf,12/06/2024,Pós-Doutorado,083a16f0-cccf-47d2-a676-d10b8931f66b
216,Rodrigo Magalhães Ribeiro,5a542241-c4e1-4a9f-a19d-e747a5baf7f3,02/06/2024,Pós-Doutorado,083a16f0-cccf-47d2-a676-d10b8931f66b
217,Dagoberto Brandão Santos,8f9280b1-72fd-4741-8c43-3358f1b88245,01/03/2024,Doutorado,083a16f0-cccf-47d2-a676-d10b8931f66b
218,Andréa Oliveira Souza da Costa,fa1148b8-e972-43e3-afa5-42bf9fce53fd,06/06/2024,Doutorado,083a16f0-cccf-47d2-a676-d10b8931f66b
219,Igor Amariz Pires,80cdae1a-4010-4ad2-80c5-b4774bc0371c,02/05/2024,Doutorado,083a16f0-cccf-47d2-a676-d10b8931f66b
220,Marco Antônio de Mendonça Vecci,291c2569-ea87-4793-ab11-3f8fceb4f0dc,09/06/2022,Mestrado,083a16f0-cccf-47d2-a676-d10b8931f66b
221,Luís Eustáquio Moreira,fd7079d3-56c8-4cad-8ca8-e248d4d513e9,10/04/2023,Pós-Doutorado,083a16f0-cccf-47d2-a676-d10b8931f66b
222,Antônio Neves de Carvalho Júnior,463d1936-ce68-4f15-9069-9cae9cd961b9,20/05/2024,Doutorado,083a16f0-cccf-47d2-a676-d10b8931f66b
223,Witor Wolf,e8de9793-4d22-476c-a333-e6cd557b9d12,10/06/2024,Doutorado,083a16f0-cccf-47d2-a676-d10b8931f66b
224,Diógenes Cecilio da Silva Junior,d8ba49c4-520e-4abd-9d94-aeb811af62ee,18/12/2021,Doutorado,083a16f0-cccf-47d2-a676-d10b8931f66b
225,Afonso Henriques Martins,f4d35d30-b450-4df3-b740-7a5beb3eeb27,19/12/2023,Pós-Doutorado,083a16f0-cccf-47d2-a676-d10b8931f66b
226,Marcelo Greco,8c9cc131-05cf-41e0-b27f-86bcc9e96b55,21/06/2024,Pós-Doutorado,083a16f0-cccf-47d2-a676-d10b8931f66b
227,Ariel Rodríguez Arias,8728d8d8-6c6c-46c1-bd8c-14f03a904584,30/04/2024,Doutorado,083a16f0-cccf-47d2-a676-d10b8931f66b
228,Camila Costa de Amorim Amaral,8da73e03-6755-4a47-9fa1-913a77f8a8d5,21/05/2024,Pós-Doutorado,083a16f0-cccf-47d2-a676-d10b8931f66b
229,Cláudio Dias Campos,52572beb-b899-4241-a3d6-0c7f1fccf2b4,27/05/2024,Doutorado,
230,Aldo Giuntini de Magalhaes,66e8876e-741b-477e-9e0f-7b4a2baa93b2,15/05/2024,Doutorado,
231,Nilson Tadeu Ramos Nunes,4c2090d6-946c-4c25-869d-7055e5e0808c,15/09/2022,Doutorado,083a16f0-cccf-47d2-a676-d10b8931f66b
232,Silverio Visacro Filho,099be12a-3f56-48f6-8a26-8523bf58ab96,22/03/2024,Doutorado,
233,Viviane Santos Birchal,56e7d31e-91a4-474e-b049-441105409a2e,21/06/2024,Doutorado,
234,Giovanna Monique Alelvan,46a4dc2b-976f-4ef6-a94c-c2d52af5f873,13/06/2024,Doutorado,
235,Paulo Vinicius Trevizoli,a354413e-0f97-4c9e-91f3-536dfaa4fbff,22/04/2024,Pós-Doutorado,
236,Silvia Maria Alves Correa Oliveira,3cc975d6-245c-4c95-8a7c-cf410667c101,30/04/2024,Doutorado,
237,Rísia Magriotis Papini,7443f8be-acd6-478f-a17a-c513a51109c0,04/01/2022,Pós-Doutorado,
238,Priscilla Macedo Moura,faeb18b5-290c-4fff-853b-d46aaf6d7d41,19/04/2024,Pós-Doutorado,083a16f0-cccf-47d2-a676-d10b8931f66b
239,Armando Cesar Campos Lavall,39f3a5f5-922e-4313-87ba-5843b668dcca,07/05/2024,Doutorado,083a16f0-cccf-47d2-a676-d10b8931f66b
240,Thiago Ribeiro de Oliveira,42030117-b641-49c3-a405-5656e86cf338,12/04/2024,Doutorado,083a16f0-cccf-47d2-a676-d10b8931f66b
241,Tomás Perpetuo Corrêa,cdb5ee8c-546c-4f05-bed2-862d1a94ddd3,02/02/2024,Doutorado,083a16f0-cccf-47d2-a676-d10b8931f66b
242,Ronderson Queiroz Hilário,1bcdf95b-bfad-4d02-ab51-76199e9635a8,26/06/2024,Doutorado,083a16f0-cccf-47d2-a676-d10b8931f66b
243,Miriam Cristina Santos Amaral,65b7135b-65b0-4bcf-a9ff-16c7d0d060a6,25/06/2024,Doutorado,083a16f0-cccf-47d2-a676-d10b8931f66b
244,Aline Lima da Silva,6597b409-8b77-4ace-9e58-9053df50c28a,23/02/2024,Pós-Doutorado,083a16f0-cccf-47d2-a676-d10b8931f66b
245,Ricardo Geraldo de Sousa,82a53427-e71e-4672-ae6f-17651e813c21,22/04/2024,Pós-Doutorado,083a16f0-cccf-47d2-a676-d10b8931f66b
246,Elson José da Silva,7ab0bc2a-56e9-4f41-ac2d-41a14976fb17,09/08/2023,Doutorado,083a16f0-cccf-47d2-a676-d10b8931f66b
247,Uende Aparecida Figueiredo Gomes,01d6da46-eb6b-4f78-85e3-414d53fb652b,25/06/2024,Doutorado,083a16f0-cccf-47d2-a676-d10b8931f66b
248,Geriane Macedo Rocha,abbfdaa4-d4b9-430c-b52a-e8e2ed2ba007,06/05/2024,Doutorado,083a16f0-cccf-47d2-a676-d10b8931f66b
249,Nilo de Oliveira Nascimento,7d2287e3-a508-4ee1-b8b0-8b9b8e0d4362,04/04/2024,Doutorado,083a16f0-cccf-47d2-a676-d10b8931f66b
250,Homero Nogueira Guimarães,4aa8ef29-6033-4474-9206-a1b9f9fd4622,16/01/2023,Pós-Doutorado,083a16f0-cccf-47d2-a676-d10b8931f66b
251,Mauricio Cardoso de Souza,e70e6d0f-64e9-40b7-bed2-3b6ad18d8509,20/04/2023,Pós-Doutorado,083a16f0-cccf-47d2-a676-d10b8931f66b
252,Andréia Bicalho Henriques,76b09474-7364-4747-89d1-13b858a84a24,06/05/2024,Doutorado,083a16f0-cccf-47d2-a676-d10b8931f66b
253,Alexandre da Silva Scari,20c6b53c-d7bc-46ff-96ad-d7f4cb5c69b1,03/04/2024,Doutorado,083a16f0-cccf-47d2-a676-d10b8931f66b
254,Hilton de Oliveira Mota,277aa7ff-8058-449e-a2e9-1bc687e122e8,12/04/2024,Doutorado,083a16f0-cccf-47d2-a676-d10b8931f66b
255,Victor Flores Mendes,eeb563a2-b360-497f-b201-a4685622aaf4,11/06/2024,Pós-Doutorado,083a16f0-cccf-47d2-a676-d10b8931f66b
256,Juliana Calábria de Araújo,006386a0-c2c6-42e6-92e7-2efb56bf6cc2,18/06/2024,Pós-Doutorado,083a16f0-cccf-47d2-a676-d10b8931f66b
257,Eduardo Marques Arantes,541e1118-b29d-4828-b21a-2d6e864bdce0,07/04/2024,Doutorado,083a16f0-cccf-47d2-a676-d10b8931f66b
258,Virginia Sampaio Teixeira Ciminelli,1530ecdb-0463-47f6-9b30-a3ea6bdc664b,17/06/2024,Doutorado,083a16f0-cccf-47d2-a676-d10b8931f66b
259,Wallace do Couto Boaventura,4181896e-8a2e-46f0-9d05-4536c14e9312,24/06/2024,Doutorado,083a16f0-cccf-47d2-a676-d10b8931f66b
260,Walmir Matos Caminhas,2bce8067-87ea-4998-bdeb-fd852900895f,29/01/2024,Doutorado,083a16f0-cccf-47d2-a676-d10b8931f66b
261,Hélio de Assis Pegado,afb401dd-1dbf-44b6-a58b-1ec57b36ea58,17/06/2024,Doutorado,083a16f0-cccf-47d2-a676-d10b8931f66b
262,Antônio Augusto Torres Maia,2ea9c3ce-6e67-4491-accd-91b4c8bfde02,25/03/2024,Doutorado,083a16f0-cccf-47d2-a676-d10b8931f66b
263,Sonia Denise Ferreira Rocha,0e189b5c-e2a5-4df3-a10e-15bdfbcdd786,15/03/2024,Pós-Doutorado,083a16f0-cccf-47d2-a676-d10b8931f66b
264,Rodrigo Lambert Oréfice,ba0c4ffb-3a8f-4a49-8268-8cf019ffeb91,21/03/2024,Pós-Doutorado,083a16f0-cccf-47d2-a676-d10b8931f66b
265,Cristiane Machado Parisi Jonov,8c9db69d-66b2-4684-a938-c13f58c1a5f8,26/06/2024,Doutorado,083a16f0-cccf-47d2-a676-d10b8931f66b
266,Víctor Costa da Silva Campos,e2a22983-93f7-4abe-915e-a70ca56041ea,15/05/2024,Doutorado,083a16f0-cccf-47d2-a676-d10b8931f66b
267,Maria Carmen Couto Ribeiro,8e45b4b1-25e5-40cb-bd36-30a544ea7ed1,07/05/2024,Doutorado,083a16f0-cccf-47d2-a676-d10b8931f66b
268,Hani Camille Yehia,4e06ccb4-3c26-432f-87bd-a95f5c8da192,12/06/2024,Doutorado,083a16f0-cccf-47d2-a676-d10b8931f66b
269,Marys Lene Braga Almeida,9d32f93e-88a1-47b8-834a-4c3609e8dff4,22/06/2024,Pós-Doutorado,083a16f0-cccf-47d2-a676-d10b8931f66b
270,André Ferreira Rodrigues,02a05053-deeb-49a7-98fb-b48ea88011c7,27/06/2024,Pós-Doutorado,083a16f0-cccf-47d2-a676-d10b8931f66b
271,Cláudio Lúcio Lopes Pinto,40aa4180-36e5-4371-b0d9-54eef3cd2a4a,15/06/2023,Doutorado,083a16f0-cccf-47d2-a676-d10b8931f66b
272,Talita Fernanda das Graças Silva,43d067f0-2a9d-4b67-9d50-70e42421793c,13/04/2024,Doutorado,083a16f0-cccf-47d2-a676-d10b8931f66b
273,Elvio Mosci Piancastelli,19149220-f987-4612-ba8c-5cb6029881f2,23/08/2023,Doutorado,083a16f0-cccf-47d2-a676-d10b8931f66b
274,White José dos Santos,2f80e635-a7d7-489b-82c9-37c47c030004,14/06/2024,Doutorado,083a16f0-cccf-47d2-a676-d10b8931f66b
275,Talita Caroline Miranda,1b853761-cbf5-4963-b086-37e12dd610fa,24/04/2024,Doutorado,083a16f0-cccf-47d2-a676-d10b8931f66b
276,Juliano dos Santos Becho,fc04469e-cde3-443e-8213-e0784bec3d00,19/04/2024,Doutorado,083a16f0-cccf-47d2-a676-d10b8931f66b
277,Gustavo Medeiros Freitas,bc64bb9e-c120-49cf-bf1c-27e6a96d260b,26/06/2024,Doutorado,083a16f0-cccf-47d2-a676-d10b8931f66b
278,Tania Lucia Santos Miranda,0ada303e-0495-4b6c-8a25-efe7d2e9d498,08/05/2024,Pós-Doutorado,083a16f0-cccf-47d2-a676-d10b8931f66b
279,Jeferson Wilian Dossa Fernandes,ecbb7f61-2651-431f-bda5-eb258a77dcd1,17/06/2024,Pós-Doutorado,083a16f0-cccf-47d2-a676-d10b8931f66b
280,Idalmo Montenegro de Oliveira,6b0d8e4b-5c27-4d44-9d81-af420e327d12,13/06/2024,Doutorado,083a16f0-cccf-47d2-a676-d10b8931f66b
281,Roberto Marcio da Silva,4cfda764-3b03-40d1-afc5-e1f2e68302ca,01/05/2024,Doutorado,083a16f0-cccf-47d2-a676-d10b8931f66b
282,Pedro Henrique Alves Campos,dce97ca7-7fea-4bdd-ab79-2879bae981ec,05/06/2024,Doutorado,083a16f0-cccf-47d2-a676-d10b8931f66b
283,Sebastiao Salvador Real Pereira,d41530f3-43b1-4e23-8be2-d8ff3de4510e,06/05/2024,Doutorado,083a16f0-cccf-47d2-a676-d10b8931f66b
284,Paulo Eustaquio de Faria,632a1703-c528-4f98-954b-abf9630b5b9f,28/07/2022,Pós-Doutorado,083a16f0-cccf-47d2-a676-d10b8931f66b
